Area,Year,Subgroup,Rape_Cases_Reported,Victims_Upto_10,Victims_Between_10-14,Victims_Between_14-18,Victims_Between_18-30,Victims_Between_30-50,Victims_Above_50,Victims_Total
Andaman & Nicobar Islands,2001,Total Rape Victims,3,0,0,3,0,0,0,3
Andaman & Nicobar Islands,2001,Victims of Incest Rape,1,0,0,1,0,0,0,1
Andaman & Nicobar Islands,2001,Victims of Other Rape,2,0,0,2,0,0,0,2
Andaman & Nicobar Islands,2002,Total Rape Victims,2,0,0,1,1,0,0,2
Andaman & Nicobar Islands,2002,Victims of Incest Rape,0,0,0,0,0,0,0,0
Andaman & Nicobar Islands,2002,Victims of Other Rape,2,0,0,1,1,0,0,2
Andaman & Nicobar Islands,2003,Total Rape Victims,2,1,0,1,0,0,0,2
Andaman & Nicobar Islands,2003,Victims of Incest Rape,0,0,0,0,0,0,0,0
Andaman & Nicobar Islands,2003,Victims of Other Rape,2,1,0,1,0,0,0,2
Andaman & Nicobar Islands,2004,Total Rape Victims,10,0,1,7,1,1,0,10
Andaman & Nicobar Islands,2004,Victims of Incest Rape,0,0,0,0,0,0,0,0
Andaman & Nicobar Islands,2004,Victims of Other Rape,10,0,1,7,1,1,0,10
Andaman & Nicobar Islands,2005,Total Rape Victims,4,0,0,2,2,0,0,4
Andaman & Nicobar Islands,2005,Victims of Incest Rape,0,0,0,0,0,0,0,0
Andaman & Nicobar Islands,2005,Victims of Other Rape,4,0,0,2,2,0,0,4
Andaman & Nicobar Islands,2006,Total Rape Victims,6,2,2,1,1,0,0,6
Andaman & Nicobar Islands,2006,Victims of Incest Rape,0,0,0,0,0,0,0,0
Andaman & Nicobar Islands,2006,Victims of Other Rape,6,2,2,1,1,0,0,6
Andaman & Nicobar Islands,2007,Total Rape Victims,3,0,0,3,0,0,0,3
Andaman & Nicobar Islands,2007,Victims of Incest Rape,0,0,0,0,0,0,0,0
Andaman & Nicobar Islands,2007,Victims of Other Rape,3,0,0,3,0,0,0,3
Andaman & Nicobar Islands,2008,Total Rape Victims,12,0,1,7,3,1,0,12
Andaman & Nicobar Islands,2008,Victims of Incest Rape,0,0,0,0,0,0,0,0
Andaman & Nicobar Islands,2008,Victims of Other Rape,12,0,1,7,3,1,0,12
Andaman & Nicobar Islands,2009,Total Rape Victims,18,2,3,7,5,1,0,18
Andaman & Nicobar Islands,2009,Victims of Incest Rape,0,0,0,0,0,0,0,0
Andaman & Nicobar Islands,2009,Victims of Other Rape,18,2,3,7,5,1,0,18
Andaman & Nicobar Islands,2010,Total Rape Victims,24,2,1,12,8,1,0,24
Andaman & Nicobar Islands,2010,Victims of Incest Rape,0,0,0,0,0,0,0,0
Andaman & Nicobar Islands,2010,Victims of Other Rape,24,2,1,12,8,1,0,24
Andhra Pradesh,2001,Total Rape Victims,871,57,138,254,328,80,14,871
Andhra Pradesh,2001,Victims of Incest Rape,4,0,2,0,2,0,0,4
Andhra Pradesh,2001,Victims of Other Rape,867,57,136,254,326,80,14,867
Andhra Pradesh,2002,Total Rape Victims,1002,35,67,35,709,148,8,1002
Andhra Pradesh,2002,Victims of Incest Rape,5,0,2,0,3,0,0,5
Andhra Pradesh,2002,Victims of Other Rape,997,35,65,35,706,148,8,997
Andhra Pradesh,2003,Total Rape Victims,946,33,135,215,429,127,7,946
Andhra Pradesh,2003,Victims of Incest Rape,15,3,2,1,7,2,0,15
Andhra Pradesh,2003,Victims of Other Rape,931,30,133,214,422,125,7,931
Andhra Pradesh,2004,Total Rape Victims,1016,55,145,163,516,130,7,1016
Andhra Pradesh,2004,Victims of Incest Rape,5,1,0,3,1,0,0,5
Andhra Pradesh,2004,Victims of Other Rape,1011,54,145,160,515,130,7,1011
Andhra Pradesh,2005,Total Rape Victims,935,32,106,177,490,124,6,935
Andhra Pradesh,2005,Victims of Incest Rape,18,2,4,0,6,6,0,18
Andhra Pradesh,2005,Victims of Other Rape,917,30,102,177,484,118,6,917
Andhra Pradesh,2006,Total Rape Victims,1049,46,128,238,536,91,10,1049
Andhra Pradesh,2006,Victims of Incest Rape,1,0,0,0,1,0,0,1
Andhra Pradesh,2006,Victims of Other Rape,1048,46,128,238,535,91,10,1048
Andhra Pradesh,2007,Total Rape Victims,1070,52,110,201,572,128,7,1070
Andhra Pradesh,2007,Victims of Incest Rape,7,0,0,4,3,0,0,7
Andhra Pradesh,2007,Victims of Other Rape,1063,52,110,197,569,128,7,1063
Andhra Pradesh,2008,Total Rape Victims,1257,49,126,237,660,174,11,1257
Andhra Pradesh,2008,Victims of Incest Rape,13,2,2,1,5,1,2,13
Andhra Pradesh,2008,Victims of Other Rape,1244,47,124,236,655,173,9,1244
Andhra Pradesh,2009,Total Rape Victims,1188,41,167,208,642,116,14,1188
Andhra Pradesh,2009,Victims of Incest Rape,2,0,0,2,0,0,0,2
Andhra Pradesh,2009,Victims of Other Rape,1186,41,167,206,642,116,14,1186
Andhra Pradesh,2010,Total Rape Victims,1362,30,133,283,749,152,15,1362
Andhra Pradesh,2010,Victims of Incest Rape,0,0,0,0,0,0,0,0
Andhra Pradesh,2010,Victims of Other Rape,1362,30,133,283,749,152,15,1362
Arunachal Pradesh,2001,Total Rape Victims,33,0,0,1,28,4,0,33
Arunachal Pradesh,2001,Victims of Incest Rape,0,0,0,0,0,0,0,0
Arunachal Pradesh,2001,Victims of Other Rape,33,0,0,1,28,4,0,33
Arunachal Pradesh,2002,Total Rape Victims,38,0,0,3,30,5,0,38
Arunachal Pradesh,2002,Victims of Incest Rape,0,0,0,0,0,0,0,0
Arunachal Pradesh,2002,Victims of Other Rape,38,0,0,3,30,5,0,38
Arunachal Pradesh,2003,Total Rape Victims,31,3,5,4,19,0,0,31
Arunachal Pradesh,2003,Victims of Incest Rape,0,0,0,0,0,0,0,0
Arunachal Pradesh,2003,Victims of Other Rape,31,3,5,4,19,0,0,31
Arunachal Pradesh,2004,Total Rape Victims,42,2,9,0,31,0,0,42
Arunachal Pradesh,2004,Victims of Incest Rape,0,0,0,0,0,0,0,0
Arunachal Pradesh,2004,Victims of Other Rape,42,2,9,0,31,0,0,42
Arunachal Pradesh,2005,Total Rape Victims,35,3,5,2,25,0,0,35
Arunachal Pradesh,2005,Victims of Incest Rape,0,0,0,0,0,0,0,0
Arunachal Pradesh,2005,Victims of Other Rape,35,3,5,2,25,0,0,35
Arunachal Pradesh,2006,Total Rape Victims,37,0,0,0,34,3,0,37
Arunachal Pradesh,2006,Victims of Incest Rape,0,0,0,0,0,0,0,0
Arunachal Pradesh,2006,Victims of Other Rape,37,0,0,0,34,3,0,37
Arunachal Pradesh,2007,Total Rape Victims,48,1,0,0,42,5,0,48
Arunachal Pradesh,2007,Victims of Incest Rape,0,0,0,0,0,0,0,0
Arunachal Pradesh,2007,Victims of Other Rape,48,1,0,0,42,5,0,48
Arunachal Pradesh,2008,Total Rape Victims,42,4,7,0,31,0,0,42
Arunachal Pradesh,2008,Victims of Incest Rape,0,0,0,0,0,0,0,0
Arunachal Pradesh,2008,Victims of Other Rape,42,4,7,0,31,0,0,42
Arunachal Pradesh,2009,Total Rape Victims,59,4,12,0,42,1,0,59
Arunachal Pradesh,2009,Victims of Incest Rape,0,0,0,0,0,0,0,0
Arunachal Pradesh,2009,Victims of Other Rape,59,4,12,0,42,1,0,59
Arunachal Pradesh,2010,Total Rape Victims,47,2,10,0,34,1,0,47
Arunachal Pradesh,2010,Victims of Incest Rape,0,0,0,0,0,0,0,0
Arunachal Pradesh,2010,Victims of Other Rape,47,2,10,0,34,1,0,47
Assam,2001,Total Rape Victims,817,8,73,245,370,119,2,817
Assam,2001,Victims of Incest Rape,8,0,1,7,0,0,0,8
Assam,2001,Victims of Other Rape,809,8,72,238,370,119,2,809
Assam,2002,Total Rape Victims,970,0,0,3,621,346,0,970
Assam,2002,Victims of Incest Rape,10,0,0,0,5,5,0,10
Assam,2002,Victims of Other Rape,960,0,0,3,616,341,0,960
Assam,2003,Total Rape Victims,1095,0,5,0,827,260,3,1095
Assam,2003,Victims of Incest Rape,19,0,0,0,19,0,0,19
Assam,2003,Victims of Other Rape,1076,0,5,0,808,260,3,1076
Assam,2004,Total Rape Victims,1171,7,0,0,857,293,14,1171
Assam,2004,Victims of Incest Rape,15,0,0,0,14,1,0,15
Assam,2004,Victims of Other Rape,1156,7,0,0,843,292,14,1156
Assam,2005,Total Rape Victims,1238,19,34,37,847,286,15,1238
Assam,2005,Victims of Incest Rape,7,0,1,0,3,2,1,7
Assam,2005,Victims of Other Rape,1231,19,33,37,844,284,14,1231
Assam,2006,Total Rape Victims,1244,8,21,32,892,289,2,1244
Assam,2006,Victims of Incest Rape,12,0,3,0,6,3,0,12
Assam,2006,Victims of Other Rape,1232,8,18,32,886,286,2,1232
Assam,2007,Total Rape Victims,1437,0,0,40,898,485,14,1437
Assam,2007,Victims of Incest Rape,1,0,0,1,0,0,0,1
Assam,2007,Victims of Other Rape,1436,0,0,39,898,485,14,1436
Assam,2008,Total Rape Victims,1438,2,5,20,849,541,21,1438
Assam,2008,Victims of Incest Rape,7,0,0,0,5,2,0,7
Assam,2008,Victims of Other Rape,1431,2,5,20,844,539,21,1431
Assam,2009,Total Rape Victims,1631,1,6,3,1230,377,14,1631
Assam,2009,Victims of Incest Rape,9,0,0,0,7,2,0,9
Assam,2009,Victims of Other Rape,1622,1,6,3,1223,375,14,1622
Assam,2010,Total Rape Victims,1721,1,9,29,1116,556,10,1721
Assam,2010,Victims of Incest Rape,13,0,0,0,10,3,0,13
Assam,2010,Victims of Other Rape,1708,1,9,29,1106,553,10,1708
Bihar,2001,Total Rape Victims,888,1,15,198,562,112,0,888
Bihar,2001,Victims of Incest Rape,8,0,2,5,1,0,0,8
Bihar,2001,Victims of Other Rape,880,1,13,193,561,112,0,880
Bihar,2002,Total Rape Victims,1040,0,2,2,805,231,0,1040
Bihar,2002,Victims of Incest Rape,3,0,0,1,2,0,0,3
Bihar,2002,Victims of Other Rape,1037,0,2,1,803,231,0,1037
Bihar,2003,Total Rape Victims,985,1,1,1,686,296,0,985
Bihar,2003,Victims of Incest Rape,1,0,0,1,0,0,0,1
Bihar,2003,Victims of Other Rape,984,1,1,0,686,296,0,984
Bihar,2004,Total Rape Victims,1390,0,3,0,1018,363,6,1390
Bihar,2004,Victims of Incest Rape,6,0,0,0,5,1,0,6
Bihar,2004,Victims of Other Rape,1384,0,3,0,1013,362,6,1384
Bihar,2005,Total Rape Victims,1147,0,6,2,872,267,0,1147
Bihar,2005,Victims of Incest Rape,10,0,0,0,8,2,0,10
Bihar,2005,Victims of Other Rape,1137,0,6,2,864,265,0,1137
Bihar,2006,Total Rape Victims,1232,0,0,17,956,250,9,1232
Bihar,2006,Victims of Incest Rape,7,0,0,2,3,2,0,7
Bihar,2006,Victims of Other Rape,1225,0,0,15,953,248,9,1225
Bihar,2007,Total Rape Victims,1555,9,28,79,1186,253,0,1555
Bihar,2007,Victims of Incest Rape,2,0,2,0,0,0,0,2
Bihar,2007,Victims of Other Rape,1553,9,26,79,1186,253,0,1553
Bihar,2008,Total Rape Victims,1302,0,11,80,1028,159,24,1302
Bihar,2008,Victims of Incest Rape,3,0,0,0,1,2,0,3
Bihar,2008,Victims of Other Rape,1299,0,11,80,1027,157,24,1299
Bihar,2009,Total Rape Victims,929,12,19,32,765,101,0,929
Bihar,2009,Victims of Incest Rape,1,0,0,0,1,0,0,1
Bihar,2009,Victims of Other Rape,928,12,19,32,764,101,0,928
Bihar,2010,Total Rape Victims,795,8,17,89,616,65,0,795
Bihar,2010,Victims of Incest Rape,2,1,1,0,0,0,0,2
Bihar,2010,Victims of Other Rape,793,7,16,89,616,65,0,793
Chandigarh,2001,Total Rape Victims,18,0,8,4,4,3,0,19
Chandigarh,2001,Victims of Incest Rape,2,0,0,0,2,0,0,2
Chandigarh,2001,Victims of Other Rape,16,0,8,4,2,3,0,17
Chandigarh,2002,Total Rape Victims,18,1,4,1,9,3,0,18
Chandigarh,2002,Victims of Incest Rape,2,0,0,1,1,0,0,2
Chandigarh,2002,Victims of Other Rape,16,1,4,0,8,3,0,16
Chandigarh,2003,Total Rape Victims,18,3,1,5,7,2,0,18
Chandigarh,2003,Victims of Incest Rape,1,1,0,0,0,0,0,1
Chandigarh,2003,Victims of Other Rape,17,2,1,5,7,2,0,17
Chandigarh,2004,Total Rape Victims,19,5,5,3,5,1,0,19
Chandigarh,2004,Victims of Incest Rape,1,0,1,0,0,0,0,1
Chandigarh,2004,Victims of Other Rape,18,5,4,3,5,1,0,18
Chandigarh,2005,Total Rape Victims,33,7,4,10,5,7,0,33
Chandigarh,2005,Victims of Incest Rape,1,0,0,1,0,0,0,1
Chandigarh,2005,Victims of Other Rape,32,7,4,9,5,7,0,32
Chandigarh,2006,Total Rape Victims,19,3,2,6,4,4,0,19
Chandigarh,2006,Victims of Incest Rape,5,1,1,2,1,0,0,5
Chandigarh,2006,Victims of Other Rape,14,2,1,4,3,4,0,14
Chandigarh,2007,Total Rape Victims,22,3,3,2,11,3,0,22
Chandigarh,2007,Victims of Incest Rape,2,1,1,0,0,0,0,2
Chandigarh,2007,Victims of Other Rape,20,2,2,2,11,3,0,20
Chandigarh,2008,Total Rape Victims,20,2,3,7,7,1,0,20
Chandigarh,2008,Victims of Incest Rape,3,0,0,2,1,0,0,3
Chandigarh,2008,Victims of Other Rape,17,2,3,5,6,1,0,17
Chandigarh,2009,Total Rape Victims,29,3,8,10,8,0,0,29
Chandigarh,2009,Victims of Incest Rape,0,0,0,0,0,0,0,0
Chandigarh,2009,Victims of Other Rape,29,3,8,10,8,0,0,29
Chandigarh,2010,Total Rape Victims,31,4,8,4,15,0,0,31
Chandigarh,2010,Victims of Incest Rape,0,0,0,0,0,0,0,0
Chandigarh,2010,Victims of Other Rape,31,4,8,4,15,0,0,31
Chhattisgarh,2001,Total Rape Victims,959,25,191,218,384,137,4,959
Chhattisgarh,2001,Victims of Incest Rape,6,0,3,1,1,1,0,6
Chhattisgarh,2001,Victims of Other Rape,953,25,188,217,383,136,4,953
Chhattisgarh,2002,Total Rape Victims,992,26,131,25,652,147,11,992
Chhattisgarh,2002,Victims of Incest Rape,63,2,13,18,16,11,3,63
Chhattisgarh,2002,Victims of Other Rape,929,24,118,7,636,136,8,929
Chhattisgarh,2003,Total Rape Victims,898,27,97,62,376,331,5,898
Chhattisgarh,2003,Victims of Incest Rape,39,1,2,16,13,7,0,39
Chhattisgarh,2003,Victims of Other Rape,859,26,95,46,363,324,5,859
Chhattisgarh,2004,Total Rape Victims,969,14,61,233,426,226,9,969
Chhattisgarh,2004,Victims of Incest Rape,78,2,6,30,30,9,1,78
Chhattisgarh,2004,Victims of Other Rape,891,12,55,203,396,217,8,891
Chhattisgarh,2005,Total Rape Victims,990,15,112,255,392,200,16,990
Chhattisgarh,2005,Victims of Incest Rape,110,1,10,33,39,27,0,110
Chhattisgarh,2005,Victims of Other Rape,880,14,102,222,353,173,16,880
Chhattisgarh,2006,Total Rape Victims,995,28,104,316,337,183,27,995
Chhattisgarh,2006,Victims of Incest Rape,97,6,12,33,29,15,2,97
Chhattisgarh,2006,Victims of Other Rape,898,22,92,283,308,168,25,898
Chhattisgarh,2007,Total Rape Victims,982,32,117,219,500,101,13,982
Chhattisgarh,2007,Victims of Incest Rape,63,2,10,31,14,6,0,63
Chhattisgarh,2007,Victims of Other Rape,919,30,107,188,486,95,13,919
Chhattisgarh,2008,Total Rape Victims,978,24,80,307,388,176,3,978
Chhattisgarh,2008,Victims of Incest Rape,31,0,3,15,12,1,0,31
Chhattisgarh,2008,Victims of Other Rape,947,24,77,292,376,175,3,947
Chhattisgarh,2009,Total Rape Victims,976,80,227,87,460,113,9,976
Chhattisgarh,2009,Victims of Incest Rape,24,1,2,8,6,5,2,24
Chhattisgarh,2009,Victims of Other Rape,952,79,225,79,454,108,7,952
Chhattisgarh,2010,Total Rape Victims,1012,24,87,271,424,190,16,1012
Chhattisgarh,2010,Victims of Incest Rape,21,0,2,3,13,3,0,21
Chhattisgarh,2010,Victims of Other Rape,991,24,85,268,411,187,16,991
Dadra & Nagar Haveli,2001,Total Rape Victims,6,0,0,3,3,0,0,6
Dadra & Nagar Haveli,2001,Victims of Incest Rape,0,0,0,0,0,0,0,0
Dadra & Nagar Haveli,2001,Victims of Other Rape,6,0,0,3,3,0,0,6
Dadra & Nagar Haveli,2002,Total Rape Victims,4,1,1,1,1,0,0,4
Dadra & Nagar Haveli,2002,Victims of Incest Rape,0,0,0,0,0,0,0,0
Dadra & Nagar Haveli,2002,Victims of Other Rape,4,1,1,1,1,0,0,4
Dadra & Nagar Haveli,2003,Total Rape Victims,1,0,0,0,1,0,0,1
Dadra & Nagar Haveli,2003,Victims of Incest Rape,0,0,0,0,0,0,0,0
Dadra & Nagar Haveli,2003,Victims of Other Rape,1,0,0,0,1,0,0,1
Dadra & Nagar Haveli,2004,Total Rape Victims,7,0,0,0,6,1,0,7
Dadra & Nagar Haveli,2004,Victims of Incest Rape,0,0,0,0,0,0,0,0
Dadra & Nagar Haveli,2004,Victims of Other Rape,7,0,0,0,6,1,0,7
Dadra & Nagar Haveli,2005,Total Rape Victims,5,0,0,0,5,0,0,5
Dadra & Nagar Haveli,2005,Victims of Incest Rape,0,0,0,0,0,0,0,0
Dadra & Nagar Haveli,2005,Victims of Other Rape,5,0,0,0,5,0,0,5
Dadra & Nagar Haveli,2006,Total Rape Victims,6,2,1,2,1,0,0,6
Dadra & Nagar Haveli,2006,Victims of Incest Rape,0,0,0,0,0,0,0,0
Dadra & Nagar Haveli,2006,Victims of Other Rape,6,2,1,2,1,0,0,6
Dadra & Nagar Haveli,2007,Total Rape Victims,7,1,2,4,0,0,0,7
Dadra & Nagar Haveli,2007,Victims of Incest Rape,0,0,0,0,0,0,0,0
Dadra & Nagar Haveli,2007,Victims of Other Rape,7,1,2,4,0,0,0,7
Dadra & Nagar Haveli,2008,Total Rape Victims,6,0,1,2,3,0,0,6
Dadra & Nagar Haveli,2008,Victims of Incest Rape,0,0,0,0,0,0,0,0
Dadra & Nagar Haveli,2008,Victims of Other Rape,6,0,1,2,3,0,0,6
Dadra & Nagar Haveli,2009,Total Rape Victims,4,0,2,0,2,0,0,4
Dadra & Nagar Haveli,2009,Victims of Incest Rape,0,0,0,0,0,0,0,0
Dadra & Nagar Haveli,2009,Victims of Other Rape,4,0,2,0,2,0,0,4
Dadra & Nagar Haveli,2010,Total Rape Victims,3,1,1,1,0,0,0,3
Dadra & Nagar Haveli,2010,Victims of Incest Rape,0,0,0,0,0,0,0,0
Dadra & Nagar Haveli,2010,Victims of Other Rape,3,1,1,1,0,0,0,3
Daman & Diu,2001,Total Rape Victims,0,0,0,0,0,0,0,0
Daman & Diu,2001,Victims of Incest Rape,0,0,0,0,0,0,0,0
Daman & Diu,2001,Victims of Other Rape,0,0,0,0,0,0,0,0
Daman & Diu,2002,Total Rape Victims,0,0,0,0,0,0,0,0
Daman & Diu,2002,Victims of Incest Rape,0,0,0,0,0,0,0,0
Daman & Diu,2002,Victims of Other Rape,0,0,0,0,0,0,0,0
Daman & Diu,2003,Total Rape Victims,5,2,0,3,0,0,0,5
Daman & Diu,2003,Victims of Incest Rape,0,0,0,0,0,0,0,0
Daman & Diu,2003,Victims of Other Rape,5,2,0,3,0,0,0,5
Daman & Diu,2004,Total Rape Victims,1,0,0,1,0,0,0,1
Daman & Diu,2004,Victims of Incest Rape,0,0,0,0,0,0,0,0
Daman & Diu,2004,Victims of Other Rape,1,0,0,1,0,0,0,1
Daman & Diu,2005,Total Rape Victims,2,0,1,0,0,1,0,2
Daman & Diu,2005,Victims of Incest Rape,0,0,0,0,0,0,0,0
Daman & Diu,2005,Victims of Other Rape,2,0,1,0,0,1,0,2
Daman & Diu,2006,Total Rape Victims,3,1,0,0,2,0,0,3
Daman & Diu,2006,Victims of Incest Rape,0,0,0,0,0,0,0,0
Daman & Diu,2006,Victims of Other Rape,3,1,0,0,2,0,0,3
Daman & Diu,2007,Total Rape Victims,1,0,0,0,1,0,0,1
Daman & Diu,2007,Victims of Incest Rape,0,0,0,0,0,0,0,0
Daman & Diu,2007,Victims of Other Rape,1,0,0,0,1,0,0,1
Daman & Diu,2008,Total Rape Victims,0,0,0,0,0,0,0,0
Daman & Diu,2008,Victims of Incest Rape,0,0,0,0,0,0,0,0
Daman & Diu,2008,Victims of Other Rape,0,0,0,0,0,0,0,0
Daman & Diu,2009,Total Rape Victims,1,1,0,0,0,0,0,1
Daman & Diu,2009,Victims of Incest Rape,0,0,0,0,0,0,0,0
Daman & Diu,2009,Victims of Other Rape,1,1,0,0,0,0,0,1
Daman & Diu,2010,Total Rape Victims,1,1,0,0,0,0,0,1
Daman & Diu,2010,Victims of Incest Rape,0,0,0,0,0,0,0,0
Daman & Diu,2010,Victims of Other Rape,1,1,0,0,0,0,0,1
Delhi,2001,Total Rape Victims,381,48,81,154,59,41,0,383
Delhi,2001,Victims of Incest Rape,9,3,3,2,1,0,0,9
Delhi,2001,Victims of Other Rape,372,45,78,152,58,41,0,374
Delhi,2002,Total Rape Victims,403,35,54,52,217,49,0,407
Delhi,2002,Victims of Incest Rape,32,4,6,12,10,0,0,32
Delhi,2002,Victims of Other Rape,371,31,48,40,207,49,0,375
Delhi,2003,Total Rape Victims,490,26,50,76,321,17,0,490
Delhi,2003,Victims of Incest Rape,21,1,5,11,4,0,0,21
Delhi,2003,Victims of Other Rape,469,25,45,65,317,17,0,469
Delhi,2004,Total Rape Victims,551,60,126,77,282,6,0,551
Delhi,2004,Victims of Incest Rape,16,1,7,6,2,0,0,16
Delhi,2004,Victims of Other Rape,535,59,119,71,280,6,0,535
Delhi,2005,Total Rape Victims,658,60,120,55,404,25,2,666
Delhi,2005,Victims of Incest Rape,32,11,9,10,2,0,0,32
Delhi,2005,Victims of Other Rape,626,49,111,45,402,25,2,634
Delhi,2006,Total Rape Victims,623,70,111,267,155,21,2,626
Delhi,2006,Victims of Incest Rape,26,3,4,12,7,0,0,26
Delhi,2006,Victims of Other Rape,597,67,107,255,148,21,2,600
Delhi,2007,Total Rape Victims,598,76,94,228,179,24,1,602
Delhi,2007,Victims of Incest Rape,18,2,2,9,5,0,0,18
Delhi,2007,Victims of Other Rape,580,74,92,219,174,24,1,584
Delhi,2008,Total Rape Victims,466,71,95,135,133,30,6,470
Delhi,2008,Victims of Incest Rape,37,2,12,8,10,1,4,37
Delhi,2008,Victims of Other Rape,429,69,83,127,123,29,2,433
Delhi,2009,Total Rape Victims,469,47,72,188,141,20,1,469
Delhi,2009,Victims of Incest Rape,19,3,3,5,6,2,0,19
Delhi,2009,Victims of Other Rape,450,44,69,183,135,18,1,450
Delhi,2010,Total Rape Victims,507,51,79,174,168,34,1,507
Delhi,2010,Victims of Incest Rape,21,6,11,3,1,0,0,21
Delhi,2010,Victims of Other Rape,486,45,68,171,167,34,1,486
Goa,2001,Total Rape Victims,12,3,7,1,0,1,0,12
Goa,2001,Victims of Incest Rape,0,0,0,0,0,0,0,0
Goa,2001,Victims of Other Rape,12,3,7,1,0,1,0,12
Goa,2002,Total Rape Victims,12,1,3,3,4,1,0,12
Goa,2002,Victims of Incest Rape,0,0,0,0,0,0,0,0
Goa,2002,Victims of Other Rape,12,1,3,3,4,1,0,12
Goa,2003,Total Rape Victims,31,6,9,8,7,2,0,32
Goa,2003,Victims of Incest Rape,0,0,0,0,0,0,0,0
Goa,2003,Victims of Other Rape,31,6,9,8,7,2,0,32
Goa,2004,Total Rape Victims,37,8,7,5,12,5,0,37
Goa,2004,Victims of Incest Rape,1,0,0,1,0,0,0,1
Goa,2004,Victims of Other Rape,36,8,7,4,12,5,0,36
Goa,2005,Total Rape Victims,20,4,4,7,4,1,0,20
Goa,2005,Victims of Incest Rape,1,1,0,0,0,0,0,1
Goa,2005,Victims of Other Rape,19,3,4,7,4,1,0,19
Goa,2006,Total Rape Victims,21,1,4,9,5,1,1,21
Goa,2006,Victims of Incest Rape,1,0,0,0,1,0,0,1
Goa,2006,Victims of Other Rape,20,1,4,9,4,1,1,20
Goa,2007,Total Rape Victims,20,4,4,7,4,1,0,20
Goa,2007,Victims of Incest Rape,1,0,0,1,0,0,0,1
Goa,2007,Victims of Other Rape,19,4,4,6,4,1,0,19
Goa,2008,Total Rape Victims,30,1,6,11,7,3,2,30
Goa,2008,Victims of Incest Rape,0,0,0,0,0,0,0,0
Goa,2008,Victims of Other Rape,30,1,6,11,7,3,2,30
Goa,2009,Total Rape Victims,47,1,11,21,15,2,0,50
Goa,2009,Victims of Incest Rape,1,0,0,1,0,0,0,1
Goa,2009,Victims of Other Rape,46,1,11,20,15,2,0,49
Goa,2010,Total Rape Victims,36,4,5,14,11,0,2,36
Goa,2010,Victims of Incest Rape,2,0,0,2,0,0,0,2
Goa,2010,Victims of Other Rape,34,4,5,12,11,0,2,34
Gujarat,2001,Total Rape Victims,286,15,23,87,125,36,0,286
Gujarat,2001,Victims of Incest Rape,2,0,0,2,0,0,0,2
Gujarat,2001,Victims of Other Rape,284,15,23,85,125,36,0,284
Gujarat,2002,Total Rape Victims,267,16,16,43,176,17,0,268
Gujarat,2002,Victims of Incest Rape,10,2,4,2,2,0,0,10
Gujarat,2002,Victims of Other Rape,257,14,12,41,174,17,0,258
Gujarat,2003,Total Rape Victims,236,17,17,46,143,13,0,236
Gujarat,2003,Victims of Incest Rape,7,1,0,3,3,0,0,7
Gujarat,2003,Victims of Other Rape,229,16,17,43,140,13,0,229
Gujarat,2004,Total Rape Victims,339,12,27,57,194,47,2,339
Gujarat,2004,Victims of Incest Rape,14,0,2,2,7,3,0,14
Gujarat,2004,Victims of Other Rape,325,12,25,55,187,44,2,325
Gujarat,2005,Total Rape Victims,324,18,28,44,218,16,0,324
Gujarat,2005,Victims of Incest Rape,19,2,4,5,8,0,0,19
Gujarat,2005,Victims of Other Rape,305,16,24,39,210,16,0,305
Gujarat,2006,Total Rape Victims,354,20,30,62,213,28,1,354
Gujarat,2006,Victims of Incest Rape,16,0,2,0,14,0,0,16
Gujarat,2006,Victims of Other Rape,338,20,28,62,199,28,1,338
Gujarat,2007,Total Rape Victims,316,18,30,51,180,37,1,317
Gujarat,2007,Victims of Incest Rape,3,1,0,1,0,1,0,3
Gujarat,2007,Victims of Other Rape,313,17,30,50,180,36,1,314
Gujarat,2008,Total Rape Victims,374,15,27,57,217,57,1,374
Gujarat,2008,Victims of Incest Rape,4,0,1,2,1,0,0,4
Gujarat,2008,Victims of Other Rape,370,15,26,55,216,57,1,370
Gujarat,2009,Total Rape Victims,433,15,27,50,308,32,1,433
Gujarat,2009,Victims of Incest Rape,18,1,2,3,10,2,0,18
Gujarat,2009,Victims of Other Rape,415,14,25,47,298,30,1,415
Gujarat,2010,Total Rape Victims,408,22,28,53,261,42,2,408
Gujarat,2010,Victims of Incest Rape,4,1,0,2,1,0,0,4
Gujarat,2010,Victims of Other Rape,404,21,28,51,260,42,2,404
Haryana,2001,Total Rape Victims,398,34,62,125,134,40,3,398
Haryana,2001,Victims of Incest Rape,0,0,0,0,0,0,0,0
Haryana,2001,Victims of Other Rape,398,34,62,125,134,40,3,398
Haryana,2002,Total Rape Victims,361,29,49,6,237,39,1,361
Haryana,2002,Victims of Incest Rape,52,0,6,3,39,4,0,52
Haryana,2002,Victims of Other Rape,309,29,43,3,198,35,1,309
Haryana,2003,Total Rape Victims,353,2,5,70,248,28,0,353
Haryana,2003,Victims of Incest Rape,14,0,0,3,11,0,0,14
Haryana,2003,Victims of Other Rape,339,2,5,67,237,28,0,339
Haryana,2004,Total Rape Victims,386,2,2,20,315,47,0,386
Haryana,2004,Victims of Incest Rape,20,0,0,3,13,4,0,20
Haryana,2004,Victims of Other Rape,366,2,2,17,302,43,0,366
Haryana,2005,Total Rape Victims,461,0,34,97,181,143,6,461
Haryana,2005,Victims of Incest Rape,15,0,0,3,10,2,0,15
Haryana,2005,Victims of Other Rape,446,0,34,94,171,141,6,446
Haryana,2006,Total Rape Victims,608,1,22,153,376,51,5,608
Haryana,2006,Victims of Incest Rape,10,0,0,0,8,2,0,10
Haryana,2006,Victims of Other Rape,598,1,22,153,368,49,5,598
Haryana,2007,Total Rape Victims,488,17,26,79,322,41,3,488
Haryana,2007,Victims of Incest Rape,3,0,2,0,1,0,0,3
Haryana,2007,Victims of Other Rape,485,17,24,79,321,41,3,485
Haryana,2008,Total Rape Victims,631,10,22,38,495,61,5,631
Haryana,2008,Victims of Incest Rape,8,0,1,2,4,0,1,8
Haryana,2008,Victims of Other Rape,623,10,21,36,491,61,4,623
Haryana,2009,Total Rape Victims,603,19,27,70,430,54,3,603
Haryana,2009,Victims of Incest Rape,12,2,2,0,7,1,0,12
Haryana,2009,Victims of Other Rape,591,17,25,70,423,53,3,591
Haryana,2010,Total Rape Victims,720,4,23,80,481,127,5,720
Haryana,2010,Victims of Incest Rape,15,0,1,1,11,2,0,15
Haryana,2010,Victims of Other Rape,705,4,22,79,470,125,5,705
Himachal Pradesh,2001,Total Rape Victims,124,20,15,43,35,9,2,124
Himachal Pradesh,2001,Victims of Incest Rape,0,0,0,0,0,0,0,0
Himachal Pradesh,2001,Victims of Other Rape,124,20,15,43,35,9,2,124
Himachal Pradesh,2002,Total Rape Victims,137,5,5,16,71,36,4,137
Himachal Pradesh,2002,Victims of Incest Rape,1,0,1,0,0,0,0,1
Himachal Pradesh,2002,Victims of Other Rape,136,5,4,16,71,36,4,136
Himachal Pradesh,2003,Total Rape Victims,126,8,14,25,56,23,0,126
Himachal Pradesh,2003,Victims of Incest Rape,2,0,0,1,1,0,0,2
Himachal Pradesh,2003,Victims of Other Rape,124,8,14,24,55,23,0,124
Himachal Pradesh,2004,Total Rape Victims,153,4,11,17,68,48,5,153
Himachal Pradesh,2004,Victims of Incest Rape,8,0,2,1,3,2,0,8
Himachal Pradesh,2004,Victims of Other Rape,145,4,9,16,65,46,5,145
Himachal Pradesh,2005,Total Rape Victims,141,11,17,30,63,18,2,141
Himachal Pradesh,2005,Victims of Incest Rape,5,0,1,2,2,0,0,5
Himachal Pradesh,2005,Victims of Other Rape,136,11,16,28,61,18,2,136
Himachal Pradesh,2006,Total Rape Victims,113,6,9,27,66,4,1,113
Himachal Pradesh,2006,Victims of Incest Rape,7,2,2,1,2,0,0,7
Himachal Pradesh,2006,Victims of Other Rape,106,4,7,26,64,4,1,106
Himachal Pradesh,2007,Total Rape Victims,159,11,19,46,58,23,2,159
Himachal Pradesh,2007,Victims of Incest Rape,2,1,0,0,0,1,0,2
Himachal Pradesh,2007,Victims of Other Rape,157,10,19,46,58,22,2,157
Himachal Pradesh,2008,Total Rape Victims,157,8,16,44,68,20,1,157
Himachal Pradesh,2008,Victims of Incest Rape,1,0,1,0,0,0,0,1
Himachal Pradesh,2008,Victims of Other Rape,156,8,15,44,68,20,1,156
Himachal Pradesh,2009,Total Rape Victims,183,12,16,55,84,16,0,183
Himachal Pradesh,2009,Victims of Incest Rape,10,1,2,5,1,1,0,10
Himachal Pradesh,2009,Victims of Other Rape,173,11,14,50,83,15,0,173
Himachal Pradesh,2010,Total Rape Victims,160,8,16,48,67,20,1,160
Himachal Pradesh,2010,Victims of Incest Rape,7,0,3,2,1,0,1,7
Himachal Pradesh,2010,Victims of Other Rape,153,8,13,46,66,20,0,153
Jammu & Kashmir,2001,Total Rape Victims,169,0,24,41,84,20,0,169
Jammu & Kashmir,2001,Victims of Incest Rape,2,0,0,1,1,0,0,2
Jammu & Kashmir,2001,Victims of Other Rape,167,0,24,40,83,20,0,167
Jammu & Kashmir,2002,Total Rape Victims,192,0,0,7,140,44,1,192
Jammu & Kashmir,2002,Victims of Incest Rape,3,0,0,0,3,0,0,3
Jammu & Kashmir,2002,Victims of Other Rape,189,0,0,7,137,44,1,189
Jammu & Kashmir,2003,Total Rape Victims,211,1,1,0,147,62,0,211
Jammu & Kashmir,2003,Victims of Incest Rape,2,0,0,0,2,0,0,2
Jammu & Kashmir,2003,Victims of Other Rape,209,1,1,0,145,62,0,209
Jammu & Kashmir,2004,Total Rape Victims,218,2,0,2,170,44,0,218
Jammu & Kashmir,2004,Victims of Incest Rape,1,0,0,0,1,0,0,1
Jammu & Kashmir,2004,Victims of Other Rape,217,2,0,2,169,44,0,217
Jammu & Kashmir,2005,Total Rape Victims,201,1,0,3,153,42,2,201
Jammu & Kashmir,2005,Victims of Incest Rape,0,0,0,0,0,0,0,0
Jammu & Kashmir,2005,Victims of Other Rape,201,1,0,3,153,42,2,201
Jammu & Kashmir,2006,Total Rape Victims,250,0,8,0,193,48,1,250
Jammu & Kashmir,2006,Victims of Incest Rape,0,0,0,0,0,0,0,0
Jammu & Kashmir,2006,Victims of Other Rape,250,0,8,0,193,48,1,250
Jammu & Kashmir,2007,Total Rape Victims,288,0,5,10,176,97,0,288
Jammu & Kashmir,2007,Victims of Incest Rape,0,0,0,0,0,0,0,0
Jammu & Kashmir,2007,Victims of Other Rape,288,0,5,10,176,97,0,288
Jammu & Kashmir,2008,Total Rape Victims,219,2,0,3,155,59,0,219
Jammu & Kashmir,2008,Victims of Incest Rape,0,0,0,0,0,0,0,0
Jammu & Kashmir,2008,Victims of Other Rape,219,2,0,3,155,59,0,219
Jammu & Kashmir,2009,Total Rape Victims,237,0,1,4,178,52,2,237
Jammu & Kashmir,2009,Victims of Incest Rape,4,0,1,0,2,1,0,4
Jammu & Kashmir,2009,Victims of Other Rape,233,0,0,4,176,51,2,233
Jammu & Kashmir,2010,Total Rape Victims,245,0,1,7,187,50,0,245
Jammu & Kashmir,2010,Victims of Incest Rape,0,0,0,0,0,0,0,0
Jammu & Kashmir,2010,Victims of Other Rape,245,0,1,7,187,50,0,245
Jharkhand,2001,Total Rape Victims,567,9,3,4,478,73,0,567
Jharkhand,2001,Victims of Incest Rape,12,1,3,4,2,2,0,12
Jharkhand,2001,Victims of Other Rape,555,8,0,0,476,71,0,555
Jharkhand,2002,Total Rape Victims,797,0,0,43,676,78,0,797
Jharkhand,2002,Victims of Incest Rape,18,0,0,4,11,3,0,18
Jharkhand,2002,Victims of Other Rape,779,0,0,39,665,75,0,779
Jharkhand,2003,Total Rape Victims,712,0,6,10,606,90,0,712
Jharkhand,2003,Victims of Incest Rape,14,0,2,6,6,0,0,14
Jharkhand,2003,Victims of Other Rape,698,0,4,4,600,90,0,698
Jharkhand,2004,Total Rape Victims,797,0,0,43,676,78,0,797
Jharkhand,2004,Victims of Incest Rape,18,0,0,4,11,3,0,18
Jharkhand,2004,Victims of Other Rape,779,0,0,39,665,75,0,779
Jharkhand,2005,Total Rape Victims,753,6,7,12,384,343,1,753
Jharkhand,2005,Victims of Incest Rape,120,2,4,8,65,41,0,120
Jharkhand,2005,Victims of Other Rape,633,4,3,4,319,302,1,633
Jharkhand,2006,Total Rape Victims,799,2,45,198,419,133,2,799
Jharkhand,2006,Victims of Incest Rape,94,0,6,21,50,17,0,94
Jharkhand,2006,Victims of Other Rape,705,2,39,177,369,116,2,705
Jharkhand,2007,Total Rape Victims,855,0,15,8,639,188,5,855
Jharkhand,2007,Victims of Incest Rape,0,0,0,0,0,0,0,0
Jharkhand,2007,Victims of Other Rape,855,0,15,8,639,188,5,855
Jharkhand,2008,Total Rape Victims,791,1,2,5,662,119,2,791
Jharkhand,2008,Victims of Incest Rape,12,0,0,0,7,5,0,12
Jharkhand,2008,Victims of Other Rape,779,1,2,5,655,114,2,779
Jharkhand,2009,Total Rape Victims,719,4,0,5,494,216,0,719
Jharkhand,2009,Victims of Incest Rape,22,0,0,0,16,6,0,22
Jharkhand,2009,Victims of Other Rape,697,4,0,5,478,210,0,697
Jharkhand,2010,Total Rape Victims,773,0,0,0,604,169,0,773
Jharkhand,2010,Victims of Incest Rape,11,0,0,0,10,1,0,11
Jharkhand,2010,Victims of Other Rape,762,0,0,0,594,168,0,762
Karnataka,2001,Total Rape Victims,293,24,63,62,123,21,0,293
Karnataka,2001,Victims of Incest Rape,5,3,0,1,1,0,0,5
Karnataka,2001,Victims of Other Rape,288,21,63,61,122,21,0,288
Karnataka,2002,Total Rape Victims,292,3,10,6,218,54,1,292
Karnataka,2002,Victims of Incest Rape,4,0,1,0,3,0,0,4
Karnataka,2002,Victims of Other Rape,288,3,9,6,215,54,1,288
Karnataka,2003,Total Rape Victims,321,18,47,67,135,38,16,321
Karnataka,2003,Victims of Incest Rape,1,1,0,0,0,0,0,1
Karnataka,2003,Victims of Other Rape,320,17,47,67,135,38,16,320
Karnataka,2004,Total Rape Victims,291,15,15,12,201,48,0,291
Karnataka,2004,Victims of Incest Rape,7,2,1,0,4,0,0,7
Karnataka,2004,Victims of Other Rape,284,13,14,12,197,48,0,284
Karnataka,2005,Total Rape Victims,343,14,13,21,234,61,0,343
Karnataka,2005,Victims of Incest Rape,5,0,0,0,3,2,0,5
Karnataka,2005,Victims of Other Rape,338,14,13,21,231,59,0,338
Karnataka,2006,Total Rape Victims,400,23,16,46,268,45,2,400
Karnataka,2006,Victims of Incest Rape,2,0,1,0,1,0,0,2
Karnataka,2006,Victims of Other Rape,398,23,15,46,267,45,2,398
Karnataka,2007,Total Rape Victims,436,20,32,32,297,48,7,436
Karnataka,2007,Victims of Incest Rape,2,0,0,1,1,0,0,2
Karnataka,2007,Victims of Other Rape,434,20,32,31,296,48,7,434
Karnataka,2008,Total Rape Victims,446,21,24,52,301,47,1,446
Karnataka,2008,Victims of Incest Rape,0,0,0,0,0,0,0,0
Karnataka,2008,Victims of Other Rape,446,21,24,52,301,47,1,446
Karnataka,2009,Total Rape Victims,509,39,49,18,361,38,4,509
Karnataka,2009,Victims of Incest Rape,18,0,0,0,17,1,0,18
Karnataka,2009,Victims of Other Rape,491,39,49,18,344,37,4,491
Karnataka,2010,Total Rape Victims,586,10,47,69,369,88,3,586
Karnataka,2010,Victims of Incest Rape,2,0,0,0,2,0,0,2
Karnataka,2010,Victims of Other Rape,584,10,47,69,367,88,3,584
Kerala,2001,Total Rape Victims,562,19,46,126,306,64,1,562
Kerala,2001,Victims of Incest Rape,4,1,0,1,1,0,1,4
Kerala,2001,Victims of Other Rape,558,18,46,125,305,64,0,558
Kerala,2002,Total Rape Victims,499,25,29,132,265,45,3,499
Kerala,2002,Victims of Incest Rape,4,0,1,0,3,0,0,4
Kerala,2002,Victims of Other Rape,495,25,28,132,262,45,3,495
Kerala,2003,Total Rape Victims,394,20,36,13,267,56,2,394
Kerala,2003,Victims of Incest Rape,7,1,3,0,3,0,0,7
Kerala,2003,Victims of Other Rape,387,19,33,13,264,56,2,387
Kerala,2004,Total Rape Victims,480,19,36,104,258,57,6,480
Kerala,2004,Victims of Incest Rape,3,0,0,2,1,0,0,3
Kerala,2004,Victims of Other Rape,477,19,36,102,257,57,6,477
Kerala,2005,Total Rape Victims,478,30,31,86,236,90,8,481
Kerala,2005,Victims of Incest Rape,12,1,1,4,5,0,1,12
Kerala,2005,Victims of Other Rape,466,29,30,82,231,90,7,469
Kerala,2006,Total Rape Victims,601,35,59,127,281,96,7,605
Kerala,2006,Victims of Incest Rape,28,4,3,9,8,3,1,28
Kerala,2006,Victims of Other Rape,573,31,56,118,273,93,6,577
Kerala,2007,Total Rape Victims,512,23,45,115,262,63,5,513
Kerala,2007,Victims of Incest Rape,21,1,5,4,11,0,0,21
Kerala,2007,Victims of Other Rape,491,22,40,111,251,63,5,492
Kerala,2008,Total Rape Victims,568,27,51,139,274,73,6,570
Kerala,2008,Victims of Incest Rape,17,0,6,6,4,1,0,17
Kerala,2008,Victims of Other Rape,551,27,45,133,270,72,6,553
Kerala,2009,Total Rape Victims,568,33,45,157,253,70,10,568
Kerala,2009,Victims of Incest Rape,18,3,3,7,4,1,0,18
Kerala,2009,Victims of Other Rape,550,30,42,150,249,69,10,550
Kerala,2010,Total Rape Victims,634,29,48,133,328,86,12,636
Kerala,2010,Victims of Incest Rape,14,5,5,2,2,0,0,14
Kerala,2010,Victims of Other Rape,620,24,43,131,326,86,12,622
Lakshadweep,2001,Total Rape Victims,0,0,0,0,0,0,0,0
Lakshadweep,2001,Victims of Incest Rape,0,0,0,0,0,0,0,0
Lakshadweep,2001,Victims of Other Rape,0,0,0,0,0,0,0,0
Lakshadweep,2002,Total Rape Victims,1,0,0,0,0,1,0,1
Lakshadweep,2002,Victims of Incest Rape,0,0,0,0,0,0,0,0
Lakshadweep,2002,Victims of Other Rape,1,0,0,0,0,1,0,1
Lakshadweep,2003,Total Rape Victims,2,0,0,0,2,0,0,2
Lakshadweep,2003,Victims of Incest Rape,0,0,0,0,0,0,0,0
Lakshadweep,2003,Victims of Other Rape,2,0,0,0,2,0,0,2
Lakshadweep,2004,Total Rape Victims,0,0,0,0,0,0,0,0
Lakshadweep,2004,Victims of Incest Rape,0,0,0,0,0,0,0,0
Lakshadweep,2004,Victims of Other Rape,0,0,0,0,0,0,0,0
Lakshadweep,2005,Total Rape Victims,0,0,0,0,0,0,0,0
Lakshadweep,2005,Victims of Incest Rape,0,0,0,0,0,0,0,0
Lakshadweep,2005,Victims of Other Rape,0,0,0,0,0,0,0,0
Lakshadweep,2006,Total Rape Victims,0,0,0,0,0,0,0,0
Lakshadweep,2006,Victims of Incest Rape,0,0,0,0,0,0,0,0
Lakshadweep,2006,Victims of Other Rape,0,0,0,0,0,0,0,0
Lakshadweep,2007,Total Rape Victims,1,0,0,0,1,0,0,1
Lakshadweep,2007,Victims of Incest Rape,0,0,0,0,0,0,0,0
Lakshadweep,2007,Victims of Other Rape,1,0,0,0,1,0,0,1
Lakshadweep,2008,Total Rape Victims,2,0,0,0,1,1,0,2
Lakshadweep,2008,Victims of Incest Rape,0,0,0,0,0,0,0,0
Lakshadweep,2008,Victims of Other Rape,2,0,0,0,1,1,0,2
Lakshadweep,2009,Total Rape Victims,1,0,0,0,1,0,0,1
Lakshadweep,2009,Victims of Incest Rape,0,0,0,0,0,0,0,0
Lakshadweep,2009,Victims of Other Rape,1,0,0,0,1,0,0,1
Lakshadweep,2010,Total Rape Victims,0,0,0,0,0,0,0,0
Lakshadweep,2010,Victims of Incest Rape,0,0,0,0,0,0,0,0
Lakshadweep,2010,Victims of Other Rape,0,0,0,0,0,0,0,0
Madhya Pradesh,2001,Total Rape Victims,2851,86,304,557,1250,627,27,2851
Madhya Pradesh,2001,Victims of Incest Rape,301,10,39,66,130,56,0,301
Madhya Pradesh,2001,Victims of Other Rape,2550,76,265,491,1120,571,27,2550
Madhya Pradesh,2002,Total Rape Victims,2891,80,185,252,1549,811,14,2891
Madhya Pradesh,2002,Victims of Incest Rape,72,3,11,16,37,4,1,72
Madhya Pradesh,2002,Victims of Other Rape,2819,77,174,236,1512,807,13,2819
Madhya Pradesh,2003,Total Rape Victims,2738,63,231,405,1546,486,7,2738
Madhya Pradesh,2003,Victims of Incest Rape,123,3,10,23,71,16,0,123
Madhya Pradesh,2003,Victims of Other Rape,2615,60,221,382,1475,470,7,2615
Madhya Pradesh,2004,Total Rape Victims,2875,92,280,338,1673,478,14,2875
Madhya Pradesh,2004,Victims of Incest Rape,63,3,5,24,24,7,0,63
Madhya Pradesh,2004,Victims of Other Rape,2812,89,275,314,1649,471,14,2812
Madhya Pradesh,2005,Total Rape Victims,2921,102,294,474,1396,629,26,2921
Madhya Pradesh,2005,Victims of Incest Rape,141,9,18,43,57,13,1,141
Madhya Pradesh,2005,Victims of Other Rape,2780,93,276,431,1339,616,25,2780
Madhya Pradesh,2006,Total Rape Victims,2900,23,96,710,1402,662,7,2900
Madhya Pradesh,2006,Victims of Incest Rape,29,3,5,5,12,4,0,29
Madhya Pradesh,2006,Victims of Other Rape,2871,20,91,705,1390,658,7,2871
Madhya Pradesh,2007,Total Rape Victims,3010,64,287,692,1399,525,43,3010
Madhya Pradesh,2007,Victims of Incest Rape,49,1,7,23,14,4,0,49
Madhya Pradesh,2007,Victims of Other Rape,2961,63,280,669,1385,521,43,2961
Madhya Pradesh,2008,Total Rape Victims,2937,69,227,596,1548,477,20,2937
Madhya Pradesh,2008,Victims of Incest Rape,52,3,9,20,15,5,0,52
Madhya Pradesh,2008,Victims of Other Rape,2885,66,218,576,1533,472,20,2885
Madhya Pradesh,2009,Total Rape Victims,2998,76,291,704,1405,511,11,2998
Madhya Pradesh,2009,Victims of Incest Rape,14,1,1,9,2,1,0,14
Madhya Pradesh,2009,Victims of Other Rape,2984,75,290,695,1403,510,11,2984
Madhya Pradesh,2010,Total Rape Victims,3135,53,304,826,1364,577,12,3136
Madhya Pradesh,2010,Victims of Incest Rape,21,2,1,10,4,4,0,21
Madhya Pradesh,2010,Victims of Other Rape,3114,51,303,816,1360,573,12,3115
Maharashtra,2001,Total Rape Victims,1302,89,152,419,503,135,4,1302
Maharashtra,2001,Victims of Incest Rape,20,1,5,6,4,4,0,20
Maharashtra,2001,Victims of Other Rape,1282,88,147,413,499,131,4,1282
Maharashtra,2002,Total Rape Victims,1352,63,130,319,693,140,7,1352
Maharashtra,2002,Victims of Incest Rape,21,0,3,5,9,4,0,21
Maharashtra,2002,Victims of Other Rape,1331,63,127,314,684,136,7,1331
Maharashtra,2003,Total Rape Victims,1268,79,116,417,541,119,4,1276
Maharashtra,2003,Victims of Incest Rape,18,4,1,6,8,0,0,19
Maharashtra,2003,Victims of Other Rape,1250,75,115,411,533,119,4,1257
Maharashtra,2004,Total Rape Victims,1388,85,133,419,627,123,5,1392
Maharashtra,2004,Victims of Incest Rape,31,3,5,15,8,1,0,32
Maharashtra,2004,Victims of Other Rape,1357,82,128,404,619,122,5,1360
Maharashtra,2005,Total Rape Victims,1545,85,132,421,735,174,2,1549
Maharashtra,2005,Victims of Incest Rape,38,3,5,13,14,3,0,38
Maharashtra,2005,Victims of Other Rape,1507,82,127,408,721,171,2,1511
Maharashtra,2006,Total Rape Victims,1500,83,127,445,707,140,4,1506
Maharashtra,2006,Victims of Incest Rape,36,4,9,11,8,4,0,36
Maharashtra,2006,Victims of Other Rape,1464,79,118,434,699,136,4,1470
Maharashtra,2007,Total Rape Victims,1451,99,125,393,659,168,13,1457
Maharashtra,2007,Victims of Incest Rape,40,4,5,9,13,9,0,40
Maharashtra,2007,Victims of Other Rape,1411,95,120,384,646,159,13,1417
Maharashtra,2008,Total Rape Victims,1558,118,135,441,707,161,5,1567
Maharashtra,2008,Victims of Incest Rape,35,4,5,8,11,6,1,35
Maharashtra,2008,Victims of Other Rape,1523,114,130,433,696,155,4,1532
Maharashtra,2009,Total Rape Victims,1483,131,121,363,713,157,8,1493
Maharashtra,2009,Victims of Incest Rape,76,5,3,19,47,3,0,77
Maharashtra,2009,Victims of Other Rape,1407,126,118,344,666,154,8,1416
Maharashtra,2010,Total Rape Victims,1599,108,134,515,675,168,11,1611
Maharashtra,2010,Victims of Incest Rape,44,4,8,13,18,1,0,44
Maharashtra,2010,Victims of Other Rape,1555,104,126,502,657,167,11,1567
Manipur,2001,Total Rape Victims,20,3,1,4,9,2,1,20
Manipur,2001,Victims of Incest Rape,2,2,0,0,0,0,0,2
Manipur,2001,Victims of Other Rape,18,1,1,4,9,2,1,18
Manipur,2002,Total Rape Victims,14,0,0,0,14,0,0,14
Manipur,2002,Victims of Incest Rape,3,0,0,0,3,0,0,3
Manipur,2002,Victims of Other Rape,11,0,0,0,11,0,0,11
Manipur,2003,Total Rape Victims,18,0,0,7,10,0,1,18
Manipur,2003,Victims of Incest Rape,0,0,0,0,0,0,0,0
Manipur,2003,Victims of Other Rape,18,0,0,7,10,0,1,18
Manipur,2004,Total Rape Victims,31,4,0,2,20,5,0,31
Manipur,2004,Victims of Incest Rape,0,0,0,0,0,0,0,0
Manipur,2004,Victims of Other Rape,31,4,0,2,20,5,0,31
Manipur,2005,Total Rape Victims,25,3,1,0,14,7,0,25
Manipur,2005,Victims of Incest Rape,1,0,0,0,0,1,0,1
Manipur,2005,Victims of Other Rape,24,3,1,0,14,6,0,24
Manipur,2006,Total Rape Victims,40,6,4,9,17,6,0,42
Manipur,2006,Victims of Incest Rape,0,0,0,0,0,0,0,0
Manipur,2006,Victims of Other Rape,40,6,4,9,17,6,0,42
Manipur,2007,Total Rape Victims,20,2,2,0,14,2,0,20
Manipur,2007,Victims of Incest Rape,1,1,0,0,0,0,0,1
Manipur,2007,Victims of Other Rape,19,1,2,0,14,2,0,19
Manipur,2008,Total Rape Victims,38,9,8,8,12,1,0,38
Manipur,2008,Victims of Incest Rape,0,0,0,0,0,0,0,0
Manipur,2008,Victims of Other Rape,38,9,8,8,12,1,0,38
Manipur,2009,Total Rape Victims,31,5,5,2,9,9,1,31
Manipur,2009,Victims of Incest Rape,0,0,0,0,0,0,0,0
Manipur,2009,Victims of Other Rape,31,5,5,2,9,9,1,31
Manipur,2010,Total Rape Victims,34,1,2,8,20,3,0,34
Manipur,2010,Victims of Incest Rape,0,0,0,0,0,0,0,0
Manipur,2010,Victims of Other Rape,34,1,2,8,20,3,0,34
Meghalaya,2001,Total Rape Victims,26,3,2,4,14,3,0,26
Meghalaya,2001,Victims of Incest Rape,5,1,0,1,1,2,0,5
Meghalaya,2001,Victims of Other Rape,21,2,2,3,13,1,0,21
Meghalaya,2002,Total Rape Victims,38,3,9,22,4,0,0,38
Meghalaya,2002,Victims of Incest Rape,1,1,0,0,0,0,0,1
Meghalaya,2002,Victims of Other Rape,37,2,9,22,4,0,0,37
Meghalaya,2003,Total Rape Victims,40,4,5,15,14,1,1,40
Meghalaya,2003,Victims of Incest Rape,5,1,2,1,1,0,0,5
Meghalaya,2003,Victims of Other Rape,35,3,3,14,13,1,1,35
Meghalaya,2004,Total Rape Victims,54,3,8,9,34,0,0,54
Meghalaya,2004,Victims of Incest Rape,4,0,3,0,1,0,0,4
Meghalaya,2004,Victims of Other Rape,50,3,5,9,33,0,0,50
Meghalaya,2005,Total Rape Victims,63,9,10,32,8,4,0,63
Meghalaya,2005,Victims of Incest Rape,4,1,0,3,0,0,0,4
Meghalaya,2005,Victims of Other Rape,59,8,10,29,8,4,0,59
Meghalaya,2006,Total Rape Victims,74,14,11,23,23,3,0,74
Meghalaya,2006,Victims of Incest Rape,0,0,0,0,0,0,0,0
Meghalaya,2006,Victims of Other Rape,74,14,11,23,23,3,0,74
Meghalaya,2007,Total Rape Victims,82,24,12,19,36,2,0,93
Meghalaya,2007,Victims of Incest Rape,9,2,0,1,6,0,0,9
Meghalaya,2007,Victims of Other Rape,73,22,12,18,30,2,0,84
Meghalaya,2008,Total Rape Victims,88,6,17,14,47,4,0,88
Meghalaya,2008,Victims of Incest Rape,5,1,3,0,1,0,0,5
Meghalaya,2008,Victims of Other Rape,83,5,14,14,46,4,0,83
Meghalaya,2009,Total Rape Victims,112,19,23,19,41,7,3,112
Meghalaya,2009,Victims of Incest Rape,5,1,2,1,1,0,0,5
Meghalaya,2009,Victims of Other Rape,107,18,21,18,40,7,3,107
Meghalaya,2010,Total Rape Victims,149,33,34,26,41,17,0,151
Meghalaya,2010,Victims of Incest Rape,8,2,4,1,1,0,0,8
Meghalaya,2010,Victims of Other Rape,141,31,30,25,40,17,0,143
Mizoram,2001,Total Rape Victims,52,0,0,30,14,8,0,52
Mizoram,2001,Victims of Incest Rape,0,0,0,0,0,0,0,0
Mizoram,2001,Victims of Other Rape,52,0,0,30,14,8,0,52
Mizoram,2002,Total Rape Victims,76,0,1,1,52,13,9,76
Mizoram,2002,Victims of Incest Rape,0,0,0,0,0,0,0,0
Mizoram,2002,Victims of Other Rape,76,0,1,1,52,13,9,76
Mizoram,2003,Total Rape Victims,54,1,3,6,22,22,0,54
Mizoram,2003,Victims of Incest Rape,2,0,1,1,0,0,0,2
Mizoram,2003,Victims of Other Rape,52,1,2,5,22,22,0,52
Mizoram,2004,Total Rape Victims,20,0,0,0,12,8,0,20
Mizoram,2004,Victims of Incest Rape,0,0,0,0,0,0,0,0
Mizoram,2004,Victims of Other Rape,20,0,0,0,12,8,0,20
Mizoram,2005,Total Rape Victims,37,0,0,30,7,0,0,37
Mizoram,2005,Victims of Incest Rape,0,0,0,0,0,0,0,0
Mizoram,2005,Victims of Other Rape,37,0,0,30,7,0,0,37
Mizoram,2006,Total Rape Victims,72,7,19,9,32,5,0,72
Mizoram,2006,Victims of Incest Rape,0,0,0,0,0,0,0,0
Mizoram,2006,Victims of Other Rape,72,7,19,9,32,5,0,72
Mizoram,2007,Total Rape Victims,83,23,23,18,10,7,2,83
Mizoram,2007,Victims of Incest Rape,2,1,0,0,0,0,1,2
Mizoram,2007,Victims of Other Rape,81,22,23,18,10,7,1,81
Mizoram,2008,Total Rape Victims,77,9,4,5,49,10,0,77
Mizoram,2008,Victims of Incest Rape,3,0,1,1,1,0,0,3
Mizoram,2008,Victims of Other Rape,74,9,3,4,48,10,0,74
Mizoram,2009,Total Rape Victims,83,5,3,3,42,30,0,83
Mizoram,2009,Victims of Incest Rape,3,2,1,0,0,0,0,3
Mizoram,2009,Victims of Other Rape,80,3,2,3,42,30,0,80
Mizoram,2010,Total Rape Victims,92,10,17,15,29,17,4,92
Mizoram,2010,Victims of Incest Rape,3,2,0,1,0,0,0,3
Mizoram,2010,Victims of Other Rape,89,8,17,14,29,17,4,89
Nagaland,2001,Total Rape Victims,17,0,0,8,6,3,0,17
Nagaland,2001,Victims of Incest Rape,1,0,0,0,0,1,0,1
Nagaland,2001,Victims of Other Rape,16,0,0,8,6,2,0,16
Nagaland,2002,Total Rape Victims,17,2,1,3,11,0,0,17
Nagaland,2002,Victims of Incest Rape,0,0,0,0,0,0,0,0
Nagaland,2002,Victims of Other Rape,17,2,1,3,11,0,0,17
Nagaland,2003,Total Rape Victims,14,0,0,0,14,0,0,14
Nagaland,2003,Victims of Incest Rape,0,0,0,0,0,0,0,0
Nagaland,2003,Victims of Other Rape,14,0,0,0,14,0,0,14
Nagaland,2004,Total Rape Victims,18,1,0,0,17,0,0,18
Nagaland,2004,Victims of Incest Rape,0,0,0,0,0,0,0,0
Nagaland,2004,Victims of Other Rape,18,1,0,0,17,0,0,18
Nagaland,2005,Total Rape Victims,17,3,0,0,12,2,0,17
Nagaland,2005,Victims of Incest Rape,0,0,0,0,0,0,0,0
Nagaland,2005,Victims of Other Rape,17,3,0,0,12,2,0,17
Nagaland,2006,Total Rape Victims,23,6,1,4,11,1,0,23
Nagaland,2006,Victims of Incest Rape,0,0,0,0,0,0,0,0
Nagaland,2006,Victims of Other Rape,23,6,1,4,11,1,0,23
Nagaland,2007,Total Rape Victims,13,0,0,3,6,4,0,13
Nagaland,2007,Victims of Incest Rape,1,0,0,1,0,0,0,1
Nagaland,2007,Victims of Other Rape,12,0,0,2,6,4,0,12
Nagaland,2008,Total Rape Victims,19,0,0,0,19,0,0,19
Nagaland,2008,Victims of Incest Rape,1,0,0,0,1,0,0,1
Nagaland,2008,Victims of Other Rape,18,0,0,0,18,0,0,18
Nagaland,2009,Total Rape Victims,22,0,0,0,17,5,0,22
Nagaland,2009,Victims of Incest Rape,0,0,0,0,0,0,0,0
Nagaland,2009,Victims of Other Rape,22,0,0,0,17,5,0,22
Nagaland,2010,Total Rape Victims,16,1,1,2,6,6,0,16
Nagaland,2010,Victims of Incest Rape,1,0,0,1,0,0,0,1
Nagaland,2010,Victims of Other Rape,15,1,1,1,6,6,0,15
Odisha,2001,Total Rape Victims,790,8,9,297,402,74,0,790
Odisha,2001,Victims of Incest Rape,4,0,0,3,1,0,0,4
Odisha,2001,Victims of Other Rape,786,8,9,294,401,74,0,786
Odisha,2002,Total Rape Victims,691,12,9,0,614,56,0,691
Odisha,2002,Victims of Incest Rape,1,0,1,0,0,0,0,1
Odisha,2002,Victims of Other Rape,690,12,8,0,614,56,0,690
Odisha,2003,Total Rape Victims,725,5,18,32,586,83,1,725
Odisha,2003,Victims of Incest Rape,0,0,0,0,0,0,0,0
Odisha,2003,Victims of Other Rape,725,5,18,32,586,83,1,725
Odisha,2004,Total Rape Victims,770,27,2,2,616,123,0,770
Odisha,2004,Victims of Incest Rape,1,0,1,0,0,0,0,1
Odisha,2004,Victims of Other Rape,769,27,1,2,616,123,0,769
Odisha,2005,Total Rape Victims,799,18,0,10,636,132,3,799
Odisha,2005,Victims of Incest Rape,7,0,0,0,6,1,0,7
Odisha,2005,Victims of Other Rape,792,18,0,10,630,131,3,792
Odisha,2006,Total Rape Victims,985,23,51,27,730,152,2,985
Odisha,2006,Victims of Incest Rape,0,0,0,0,0,0,0,0
Odisha,2006,Victims of Other Rape,985,23,51,27,730,152,2,985
Odisha,2007,Total Rape Victims,939,9,41,42,659,188,0,939
Odisha,2007,Victims of Incest Rape,0,0,0,0,0,0,0,0
Odisha,2007,Victims of Other Rape,939,9,41,42,659,188,0,939
Odisha,2008,Total Rape Victims,1113,17,27,24,645,388,12,1113
Odisha,2008,Victims of Incest Rape,17,2,0,1,13,1,0,17
Odisha,2008,Victims of Other Rape,1096,15,27,23,632,387,12,1096
Odisha,2009,Total Rape Victims,1023,6,24,57,747,182,7,1023
Odisha,2009,Victims of Incest Rape,6,0,1,0,5,0,0,6
Odisha,2009,Victims of Other Rape,1017,6,23,57,742,182,7,1017
Odisha,2010,Total Rape Victims,1025,13,17,44,787,159,5,1025
Odisha,2010,Victims of Incest Rape,37,2,12,21,2,0,0,37
Odisha,2010,Victims of Other Rape,988,11,5,23,785,159,5,988
Puducherry,2001,Total Rape Victims,9,3,2,2,1,1,0,9
Puducherry,2001,Victims of Incest Rape,0,0,0,0,0,0,0,0
Puducherry,2001,Victims of Other Rape,9,3,2,2,1,1,0,9
Puducherry,2002,Total Rape Victims,6,1,0,3,2,0,0,6
Puducherry,2002,Victims of Incest Rape,0,0,0,0,0,0,0,0
Puducherry,2002,Victims of Other Rape,6,1,0,3,2,0,0,6
Puducherry,2003,Total Rape Victims,2,1,0,0,1,0,0,2
Puducherry,2003,Victims of Incest Rape,0,0,0,0,0,0,0,0
Puducherry,2003,Victims of Other Rape,2,1,0,0,1,0,0,2
Puducherry,2004,Total Rape Victims,4,0,0,4,0,0,0,4
Puducherry,2004,Victims of Incest Rape,0,0,0,0,0,0,0,0
Puducherry,2004,Victims of Other Rape,4,0,0,4,0,0,0,4
Puducherry,2005,Total Rape Victims,6,1,0,2,3,0,0,6
Puducherry,2005,Victims of Incest Rape,0,0,0,0,0,0,0,0
Puducherry,2005,Victims of Other Rape,6,1,0,2,3,0,0,6
Puducherry,2006,Total Rape Victims,9,2,1,5,1,0,0,9
Puducherry,2006,Victims of Incest Rape,0,0,0,0,0,0,0,0
Puducherry,2006,Victims of Other Rape,9,2,1,5,1,0,0,9
Puducherry,2007,Total Rape Victims,9,1,0,2,6,0,0,9
Puducherry,2007,Victims of Incest Rape,0,0,0,0,0,0,0,0
Puducherry,2007,Victims of Other Rape,9,1,0,2,6,0,0,9
Puducherry,2008,Total Rape Victims,8,0,1,3,3,1,0,8
Puducherry,2008,Victims of Incest Rape,0,0,0,0,0,0,0,0
Puducherry,2008,Victims of Other Rape,8,0,1,3,3,1,0,8
Puducherry,2009,Total Rape Victims,1,0,0,1,0,0,0,1
Puducherry,2009,Victims of Incest Rape,0,0,0,0,0,0,0,0
Puducherry,2009,Victims of Other Rape,1,0,0,1,0,0,0,1
Puducherry,2010,Total Rape Victims,3,0,0,3,0,0,0,3
Puducherry,2010,Victims of Incest Rape,0,0,0,0,0,0,0,0
Puducherry,2010,Victims of Other Rape,3,0,0,3,0,0,0,3
Punjab,2001,Total Rape Victims,298,8,30,137,98,24,1,298
Punjab,2001,Victims of Incest Rape,0,0,0,0,0,0,0,0
Punjab,2001,Victims of Other Rape,298,8,30,137,98,24,1,298
Punjab,2002,Total Rape Victims,299,8,12,32,213,33,1,299
Punjab,2002,Victims of Incest Rape,4,0,0,2,2,0,0,4
Punjab,2002,Victims of Other Rape,295,8,12,30,211,33,1,295
Punjab,2003,Total Rape Victims,380,6,14,34,262,63,1,380
Punjab,2003,Victims of Incest Rape,9,0,2,2,5,0,0,9
Punjab,2003,Victims of Other Rape,371,6,12,32,257,63,1,371
Punjab,2004,Total Rape Victims,390,7,12,35,262,74,0,390
Punjab,2004,Victims of Incest Rape,65,0,2,6,45,12,0,65
Punjab,2004,Victims of Other Rape,325,7,10,29,217,62,0,325
Punjab,2005,Total Rape Victims,398,9,19,23,239,108,0,398
Punjab,2005,Victims of Incest Rape,50,2,1,11,25,11,0,50
Punjab,2005,Victims of Other Rape,348,7,18,12,214,97,0,348
Punjab,2006,Total Rape Victims,442,14,19,26,319,64,0,442
Punjab,2006,Victims of Incest Rape,1,0,0,0,1,0,0,1
Punjab,2006,Victims of Other Rape,441,14,19,26,318,64,0,441
Punjab,2007,Total Rape Victims,519,26,38,71,302,79,3,519
Punjab,2007,Victims of Incest Rape,7,0,0,6,1,0,0,7
Punjab,2007,Victims of Other Rape,512,26,38,65,301,79,3,512
Punjab,2008,Total Rape Victims,517,27,36,45,359,47,5,519
Punjab,2008,Victims of Incest Rape,2,0,0,0,1,1,0,2
Punjab,2008,Victims of Other Rape,515,27,36,45,358,46,5,517
Punjab,2009,Total Rape Victims,511,34,48,131,258,43,1,515
Punjab,2009,Victims of Incest Rape,8,0,2,3,3,0,0,8
Punjab,2009,Victims of Other Rape,503,34,46,128,255,43,1,507
Punjab,2010,Total Rape Victims,546,23,39,83,346,55,1,547
Punjab,2010,Victims of Incest Rape,17,1,4,7,5,0,0,17
Punjab,2010,Victims of Other Rape,529,22,35,76,341,55,1,530
Rajasthan,2001,Total Rape Victims,1049,16,44,229,606,147,7,1049
Rajasthan,2001,Victims of Incest Rape,18,1,1,7,8,1,0,18
Rajasthan,2001,Victims of Other Rape,1031,15,43,222,598,146,7,1031
Rajasthan,2002,Total Rape Victims,1051,5,8,25,788,220,5,1051
Rajasthan,2002,Victims of Incest Rape,31,0,3,9,13,5,1,31
Rajasthan,2002,Victims of Other Rape,1020,5,5,16,775,215,4,1020
Rajasthan,2003,Total Rape Victims,1050,7,11,31,751,243,7,1050
Rajasthan,2003,Victims of Incest Rape,32,1,0,2,24,5,0,32
Rajasthan,2003,Victims of Other Rape,1018,6,11,29,727,238,7,1018
Rajasthan,2004,Total Rape Victims,1038,10,41,86,645,249,7,1038
Rajasthan,2004,Victims of Incest Rape,39,0,6,7,17,9,0,39
Rajasthan,2004,Victims of Other Rape,999,10,35,79,628,240,7,999
Rajasthan,2005,Total Rape Victims,993,21,44,181,515,216,16,993
Rajasthan,2005,Victims of Incest Rape,33,0,5,10,11,7,0,33
Rajasthan,2005,Victims of Other Rape,960,21,39,171,504,209,16,960
Rajasthan,2006,Total Rape Victims,1085,34,80,197,555,214,5,1085
Rajasthan,2006,Victims of Incest Rape,42,1,3,12,22,4,0,42
Rajasthan,2006,Victims of Other Rape,1043,33,77,185,533,210,5,1043
Rajasthan,2007,Total Rape Victims,1238,41,79,286,639,187,8,1240
Rajasthan,2007,Victims of Incest Rape,42,3,7,13,15,3,1,42
Rajasthan,2007,Victims of Other Rape,1196,38,72,273,624,184,7,1198
Rajasthan,2008,Total Rape Victims,1355,29,116,275,706,219,10,1355
Rajasthan,2008,Victims of Incest Rape,40,2,6,7,21,4,0,40
Rajasthan,2008,Victims of Other Rape,1315,27,110,268,685,215,10,1315
Rajasthan,2009,Total Rape Victims,1519,28,55,288,856,289,4,1520
Rajasthan,2009,Victims of Incest Rape,36,2,3,7,20,4,0,36
Rajasthan,2009,Victims of Other Rape,1483,26,52,281,836,285,4,1484
Rajasthan,2010,Total Rape Victims,1571,37,72,277,805,346,36,1573
Rajasthan,2010,Victims of Incest Rape,24,2,2,6,10,4,0,24
Rajasthan,2010,Victims of Other Rape,1547,35,70,271,795,342,36,1549
Sikkim,2001,Total Rape Victims,8,1,0,4,2,1,0,8
Sikkim,2001,Victims of Incest Rape,1,1,0,0,0,0,0,1
Sikkim,2001,Victims of Other Rape,7,0,0,4,2,1,0,7
Sikkim,2002,Total Rape Victims,6,0,2,2,2,0,0,6
Sikkim,2002,Victims of Incest Rape,1,0,1,0,0,0,0,1
Sikkim,2002,Victims of Other Rape,5,0,1,2,2,0,0,5
Sikkim,2003,Total Rape Victims,10,4,4,1,1,0,0,10
Sikkim,2003,Victims of Incest Rape,0,0,0,0,0,0,0,0
Sikkim,2003,Victims of Other Rape,10,4,4,1,1,0,0,10
Sikkim,2004,Total Rape Victims,3,0,1,1,0,2,0,4
Sikkim,2004,Victims of Incest Rape,0,0,0,0,0,0,0,0
Sikkim,2004,Victims of Other Rape,3,0,1,1,0,2,0,4
Sikkim,2005,Total Rape Victims,18,4,5,7,2,2,0,20
Sikkim,2005,Victims of Incest Rape,1,0,1,0,0,0,0,1
Sikkim,2005,Victims of Other Rape,17,4,4,7,2,2,0,19
Sikkim,2006,Total Rape Victims,20,8,4,5,3,0,0,20
Sikkim,2006,Victims of Incest Rape,0,0,0,0,0,0,0,0
Sikkim,2006,Victims of Other Rape,20,8,4,5,3,0,0,20
Sikkim,2007,Total Rape Victims,24,10,3,5,5,1,0,24
Sikkim,2007,Victims of Incest Rape,4,3,0,1,0,0,0,4
Sikkim,2007,Victims of Other Rape,20,7,3,4,5,1,0,20
Sikkim,2008,Total Rape Victims,20,9,3,1,8,0,0,21
Sikkim,2008,Victims of Incest Rape,1,1,0,0,0,0,0,1
Sikkim,2008,Victims of Other Rape,19,8,3,1,8,0,0,20
Sikkim,2009,Total Rape Victims,18,4,5,5,2,2,0,18
Sikkim,2009,Victims of Incest Rape,0,0,0,0,0,0,0,0
Sikkim,2009,Victims of Other Rape,18,4,5,5,2,2,0,18
Sikkim,2010,Total Rape Victims,18,6,7,2,1,2,0,18
Sikkim,2010,Victims of Incest Rape,2,1,1,0,0,0,0,2
Sikkim,2010,Victims of Other Rape,16,5,6,2,1,2,0,16
Tamil Nadu,2001,Total Rape Victims,423,6,15,174,192,34,2,423
Tamil Nadu,2001,Victims of Incest Rape,21,0,2,4,13,2,0,21
Tamil Nadu,2001,Victims of Other Rape,402,6,13,170,179,32,2,402
Tamil Nadu,2002,Total Rape Victims,534,15,8,6,465,39,1,534
Tamil Nadu,2002,Victims of Incest Rape,0,0,0,0,0,0,0,0
Tamil Nadu,2002,Victims of Other Rape,534,15,8,6,465,39,1,534
Tamil Nadu,2003,Total Rape Victims,557,12,14,21,360,149,1,557
Tamil Nadu,2003,Victims of Incest Rape,40,3,7,17,12,1,0,40
Tamil Nadu,2003,Victims of Other Rape,517,9,7,4,348,148,1,517
Tamil Nadu,2004,Total Rape Victims,618,34,50,85,417,30,3,619
Tamil Nadu,2004,Victims of Incest Rape,36,0,0,7,29,0,0,36
Tamil Nadu,2004,Victims of Other Rape,582,34,50,78,388,30,3,583
Tamil Nadu,2005,Total Rape Victims,571,29,28,58,396,60,0,571
Tamil Nadu,2005,Victims of Incest Rape,11,1,0,0,8,2,0,11
Tamil Nadu,2005,Victims of Other Rape,560,28,28,58,388,58,0,560
Tamil Nadu,2006,Total Rape Victims,457,23,34,68,275,55,2,457
Tamil Nadu,2006,Victims of Incest Rape,1,0,1,0,0,0,0,1
Tamil Nadu,2006,Victims of Other Rape,456,23,33,68,275,55,2,456
Tamil Nadu,2007,Total Rape Victims,523,20,41,89,346,35,1,532
Tamil Nadu,2007,Victims of Incest Rape,2,1,0,1,0,0,0,2
Tamil Nadu,2007,Victims of Other Rape,521,19,41,88,346,35,1,530
Tamil Nadu,2008,Total Rape Victims,573,27,29,131,340,46,0,573
Tamil Nadu,2008,Victims of Incest Rape,1,1,0,0,0,0,0,1
Tamil Nadu,2008,Victims of Other Rape,572,26,29,131,340,46,0,572
Tamil Nadu,2009,Total Rape Victims,596,28,34,120,390,22,2,596
Tamil Nadu,2009,Victims of Incest Rape,4,1,0,3,0,0,0,4
Tamil Nadu,2009,Victims of Other Rape,592,27,34,117,390,22,2,592
Tamil Nadu,2010,Total Rape Victims,686,21,50,139,411,66,0,687
Tamil Nadu,2010,Victims of Incest Rape,0,0,0,0,0,0,0,0
Tamil Nadu,2010,Victims of Other Rape,686,21,50,139,411,66,0,687
Tripura,2001,Total Rape Victims,102,0,0,50,47,5,0,102
Tripura,2001,Victims of Incest Rape,0,0,0,0,0,0,0,0
Tripura,2001,Victims of Other Rape,102,0,0,50,47,5,0,102
Tripura,2002,Total Rape Victims,108,0,0,0,98,10,0,108
Tripura,2002,Victims of Incest Rape,0,0,0,0,0,0,0,0
Tripura,2002,Victims of Other Rape,108,0,0,0,98,10,0,108
Tripura,2003,Total Rape Victims,114,0,0,0,102,12,0,114
Tripura,2003,Victims of Incest Rape,0,0,0,0,0,0,0,0
Tripura,2003,Victims of Other Rape,114,0,0,0,102,12,0,114
Tripura,2004,Total Rape Victims,160,7,7,14,109,23,0,160
Tripura,2004,Victims of Incest Rape,1,0,0,1,0,0,0,1
Tripura,2004,Victims of Other Rape,159,7,7,13,109,23,0,159
Tripura,2005,Total Rape Victims,162,3,13,4,129,13,0,162
Tripura,2005,Victims of Incest Rape,0,0,0,0,0,0,0,0
Tripura,2005,Victims of Other Rape,162,3,13,4,129,13,0,162
Tripura,2006,Total Rape Victims,189,0,4,34,135,17,1,191
Tripura,2006,Victims of Incest Rape,4,0,0,4,0,0,0,4
Tripura,2006,Victims of Other Rape,185,0,4,30,135,17,1,187
Tripura,2007,Total Rape Victims,157,3,14,16,113,11,0,157
Tripura,2007,Victims of Incest Rape,0,0,0,0,0,0,0,0
Tripura,2007,Victims of Other Rape,157,3,14,16,113,11,0,157
Tripura,2008,Total Rape Victims,204,16,23,65,96,4,0,204
Tripura,2008,Victims of Incest Rape,0,0,0,0,0,0,0,0
Tripura,2008,Victims of Other Rape,204,16,23,65,96,4,0,204
Tripura,2009,Total Rape Victims,190,10,22,51,79,28,0,190
Tripura,2009,Victims of Incest Rape,0,0,0,0,0,0,0,0
Tripura,2009,Victims of Other Rape,190,10,22,51,79,28,0,190
Tripura,2010,Total Rape Victims,238,19,27,61,93,38,0,238
Tripura,2010,Victims of Incest Rape,0,0,0,0,0,0,0,0
Tripura,2010,Victims of Other Rape,238,19,27,61,93,38,0,238
Uttar Pradesh,2001,Total Rape Victims,1958,34,122,406,1082,314,0,1958
Uttar Pradesh,2001,Victims of Incest Rape,3,0,2,0,1,0,0,3
Uttar Pradesh,2001,Victims of Other Rape,1955,34,120,406,1081,314,0,1955
Uttar Pradesh,2002,Total Rape Victims,1415,38,111,271,775,220,0,1415
Uttar Pradesh,2002,Victims of Incest Rape,12,1,1,2,8,0,0,12
Uttar Pradesh,2002,Victims of Other Rape,1403,37,110,269,767,220,0,1403
Uttar Pradesh,2003,Total Rape Victims,911,33,75,207,477,117,2,911
Uttar Pradesh,2003,Victims of Incest Rape,10,1,2,5,2,0,0,10
Uttar Pradesh,2003,Victims of Other Rape,901,32,73,202,475,117,2,901
Uttar Pradesh,2004,Total Rape Victims,1397,53,99,242,838,163,2,1397
Uttar Pradesh,2004,Victims of Incest Rape,35,0,2,21,9,3,0,35
Uttar Pradesh,2004,Victims of Other Rape,1362,53,97,221,829,160,2,1362
Uttar Pradesh,2005,Total Rape Victims,1217,44,103,247,656,162,5,1217
Uttar Pradesh,2005,Victims of Incest Rape,70,0,0,18,52,0,0,70
Uttar Pradesh,2005,Victims of Other Rape,1147,44,103,229,604,162,5,1147
Uttar Pradesh,2006,Total Rape Victims,1314,18,56,273,780,184,3,1314
Uttar Pradesh,2006,Victims of Incest Rape,0,0,0,0,0,0,0,0
Uttar Pradesh,2006,Victims of Other Rape,1314,18,56,273,780,184,3,1314
Uttar Pradesh,2007,Total Rape Victims,1648,13,109,349,910,267,0,1648
Uttar Pradesh,2007,Victims of Incest Rape,1,1,0,0,0,0,0,1
Uttar Pradesh,2007,Victims of Other Rape,1647,12,109,349,910,267,0,1647
Uttar Pradesh,2008,Total Rape Victims,1871,44,171,685,785,186,0,1871
Uttar Pradesh,2008,Victims of Incest Rape,1,0,0,0,0,1,0,1
Uttar Pradesh,2008,Victims of Other Rape,1870,44,171,685,785,185,0,1870
Uttar Pradesh,2009,Total Rape Victims,1759,43,416,166,911,223,0,1759
Uttar Pradesh,2009,Victims of Incest Rape,2,1,0,1,0,0,0,2
Uttar Pradesh,2009,Victims of Other Rape,1757,42,416,165,911,223,0,1757
Uttar Pradesh,2010,Total Rape Victims,1563,43,162,246,862,250,0,1563
Uttar Pradesh,2010,Victims of Incest Rape,4,0,1,2,1,0,0,4
Uttar Pradesh,2010,Victims of Other Rape,1559,43,161,244,861,250,0,1559
Uttarakhand,2001,Total Rape Victims,74,6,7,16,38,7,0,74
Uttarakhand,2001,Victims of Incest Rape,0,0,0,0,0,0,0,0
Uttarakhand,2001,Victims of Other Rape,74,6,7,16,38,7,0,74
Uttarakhand,2002,Total Rape Victims,89,2,4,2,66,15,0,89
Uttarakhand,2002,Victims of Incest Rape,16,2,4,2,6,2,0,16
Uttarakhand,2002,Victims of Other Rape,73,0,0,0,60,13,0,73
Uttarakhand,2003,Total Rape Victims,107,1,4,6,83,13,0,107
Uttarakhand,2003,Victims of Incest Rape,2,0,0,0,2,0,0,2
Uttarakhand,2003,Victims of Other Rape,105,1,4,6,81,13,0,105
Uttarakhand,2004,Total Rape Victims,115,2,6,9,72,26,0,115
Uttarakhand,2004,Victims of Incest Rape,13,0,0,1,8,4,0,13
Uttarakhand,2004,Victims of Other Rape,102,2,6,8,64,22,0,102
Uttarakhand,2005,Total Rape Victims,133,3,3,12,95,20,0,133
Uttarakhand,2005,Victims of Incest Rape,3,0,0,0,2,1,0,3
Uttarakhand,2005,Victims of Other Rape,130,3,3,12,93,19,0,130
Uttarakhand,2006,Total Rape Victims,147,1,7,15,106,18,0,147
Uttarakhand,2006,Victims of Incest Rape,6,0,3,0,2,1,0,6
Uttarakhand,2006,Victims of Other Rape,141,1,4,15,104,17,0,141
Uttarakhand,2007,Total Rape Victims,117,1,9,7,74,26,0,117
Uttarakhand,2007,Victims of Incest Rape,8,0,2,4,2,0,0,8
Uttarakhand,2007,Victims of Other Rape,109,1,7,3,72,26,0,109
Uttarakhand,2008,Total Rape Victims,87,0,4,5,64,14,0,87
Uttarakhand,2008,Victims of Incest Rape,6,0,2,1,2,1,0,6
Uttarakhand,2008,Victims of Other Rape,81,0,2,4,62,13,0,81
Uttarakhand,2009,Total Rape Victims,111,1,3,3,89,15,0,111
Uttarakhand,2009,Victims of Incest Rape,6,0,3,1,2,0,0,6
Uttarakhand,2009,Victims of Other Rape,105,1,0,2,87,15,0,105
Uttarakhand,2010,Total Rape Victims,121,2,3,5,92,19,0,121
Uttarakhand,2010,Victims of Incest Rape,11,1,2,2,5,1,0,11
Uttarakhand,2010,Victims of Other Rape,110,1,1,3,87,18,0,110
West Bengal,2001,Total Rape Victims,709,4,3,5,594,103,0,709
West Bengal,2001,Victims of Incest Rape,0,0,0,0,0,0,0,0
West Bengal,2001,Victims of Other Rape,709,4,3,5,594,103,0,709
West Bengal,2002,Total Rape Victims,759,5,3,8,552,191,0,759
West Bengal,2002,Victims of Incest Rape,0,0,0,0,0,0,0,0
West Bengal,2002,Victims of Other Rape,759,5,3,8,552,191,0,759
West Bengal,2003,Total Rape Victims,1002,5,7,4,826,158,2,1002
West Bengal,2003,Victims of Incest Rape,15,1,2,0,12,0,0,15
West Bengal,2003,Victims of Other Rape,987,4,5,4,814,158,2,987
West Bengal,2004,Total Rape Victims,1475,2,3,14,965,490,1,1475
West Bengal,2004,Victims of Incest Rape,24,0,0,0,17,7,0,24
West Bengal,2004,Victims of Other Rape,1451,2,3,14,948,483,1,1451
West Bengal,2005,Total Rape Victims,1686,3,0,3,1451,228,1,1686
West Bengal,2005,Victims of Incest Rape,36,0,0,0,31,5,0,36
West Bengal,2005,Victims of Other Rape,1650,3,0,3,1420,223,1,1650
West Bengal,2006,Total Rape Victims,1731,2,5,13,1477,234,0,1731
West Bengal,2006,Victims of Incest Rape,6,0,0,0,6,0,0,6
West Bengal,2006,Victims of Other Rape,1725,2,5,13,1471,234,0,1725
West Bengal,2007,Total Rape Victims,2106,14,42,36,1478,531,5,2106
West Bengal,2007,Victims of Incest Rape,114,3,2,3,81,25,0,114
West Bengal,2007,Victims of Other Rape,1992,11,40,33,1397,506,5,1992
West Bengal,2008,Total Rape Victims,2263,22,53,54,1629,504,1,2263
West Bengal,2008,Victims of Incest Rape,9,5,2,1,1,0,0,9
West Bengal,2008,Victims of Other Rape,2254,17,51,53,1628,504,1,2254
West Bengal,2009,Total Rape Victims,2336,6,18,85,1835,392,0,2336
West Bengal,2009,Victims of Incest Rape,3,0,0,1,1,1,0,3
West Bengal,2009,Victims of Other Rape,2333,6,18,84,1834,391,0,2333
West Bengal,2010,Total Rape Victims,2311,0,22,51,1779,459,0,2311
West Bengal,2010,Victims of Incest Rape,4,0,1,0,2,1,0,4
West Bengal,2010,Victims of Other Rape,2307,0,21,51,1777,458,0,2307
